company,segment,location,decision_maker_or_contact,public_contact,website,source_url,fit_reason,next_action,status
MarkGenix AI,AI marketing agency,India,Pawan Suda - Founder and AI Strategist,markgenixai.agency@gmail.com,https://markgenixai.in/,https://markgenixai.in/,Offers AI marketing and chatbot development plus automation for Indian businesses. Possible partner or competitive benchmark.,Send founder-led partnership/audit message,Research
Milk Digital,Boutique digital marketing agency,Mumbai and Bangalore,Vaishali Kasturia / Sanjukta Ghosh - Founders,hello@milkdigital.in,https://milkdigital.in/,https://milkdigital.in/,Founder-led marketing agency with strategy and content plus social and web services. Likely cares about client acquisition and follow-up.,Send AI lead follow-up audit,Research
Prospects Pulse,Lead generation agency,India / UK contact,Nilesh Patil - Founder,Use website contact channel,https://prospectspulse.com/about/,https://prospectspulse.com/about/,Lead generation agency already speaks about outbound systems and GenAI tools. Good partnership or benchmark prospect.,Send partnership angle,Research
Mildain Digital Agency MDA91,Digital marketing and web development agency,Noida,Not listed on site,Use website contact channel,https://mda91.com/,https://mda91.com/,Provides digital marketing and website development plus PPC and SEO. Likely needs better inbound/outbound process.,Send website/contact-form audit,Research
Zarexa,Tech and AI automation agency,India,Ashish - Founder and Tech Lead; Nitin - Co-Founder AI Automations,contactzarexa@gmail.com,https://www.zarexa.tech/about,https://www.zarexa.tech/about,Builds websites and software products plus AI chatbots and automated follow-ups. Good partnership or white-label conversation.,Send partnership/overflow delivery message,Research
Digital Patron,B2B lead generation and AI automation agency,Gurgaon,[Not listed on homepage],info@appdigitalpatron.com,https://digitalpatron.in/,https://digitalpatron.in/,Runs AI outbound and automation for B2B SaaS and services. Useful competitor benchmark and possible partnership target.,Review before outreach; may be competitor,Research
Aivolve,AI-powered growth and automation agency,India,[Not listed in search result],[Use website contact form],https://www.aivolve.co.in/,https://www.aivolve.co.in/,Positions around CRM and WhatsApp plus n8n growth marketing and AI chatbots. Possible partner or benchmark.,Find founder/contact manually,Research
Digital Dalal,Marketing agency,Ludhiana Punjab,Mr. Dalal - Founder and CEO,[Use website/LinkedIn contact],https://www.digitaldalal.com,https://in.linkedin.com/company/digitaldalal,"Marketing agency with 11-50 employees per LinkedIn result; potential fit for AI follow-up and outbound automation.",Find founder/contact manually,Research
IKS Digital Marketing Agency,Advertising services,Bhopal / Mumbai,Ishika Sharma - Founder and CEO,iksdigitalagency@gmail.com,https://iks-digitalagency.business.site/,https://in.linkedin.com/company/iksdigitalagency,Small agency offering marketing and SEO plus content and business development. Approachable for low-ticket pilot.,Send simple WhatsApp/email pilot offer,Research
Mildain Digital Agency MDA91,Digital marketing and web development agency,Noida,[Not listed on site],+91 8447121833,https://mda91.com/,https://mda91.com/,Phone/WhatsApp is public on site. Can test direct WhatsApp outreach after email.,Send WhatsApp only after manual review,Research
